{
  "generalerelese": {
    "sounds": ["custom:generaleReleases"]
  },
  "item.taser.hit": {
    "sounds": ["custom:item/taser/hit1", "custom:item/taser/hit2"],
    "subtitle": "item.taser.hit"
  },
  "entity.dealer.talk": {
    "sounds": ["custom:entity/dealer/talk1", "custom:entity/dealer/talk2"]
  },
  "music.forestcave.battle": {
    "sounds": ["custom:music/forestcave/battle"]
  },
  "music_disc.audiolog.log_one": {
    "sounds": ["custom:music_disc/audiolog/log1"]
  },
  "music_disc.anthem.saphirie": {
    "sounds": ["custom:music_disc/anthem/saphirie"]
  },
  "generic.bell.strike": {
    "sounds": ["custom:generic/church_bell/strike"]
  },
  "stathen.sonnerie": {
    "sounds": ["custom:sonnerie/sonneriestathen"]
  }
}
